{
    "accuracy": 0.7767857142857143,
    "loss": 0.5307312607765198
}