{
    "accuracy": 0.7886669303797469,
    "loss": 0.6196690058406396
}