{
    "accuracy": 0.8993610223642172,
    "loss": 0.38065630804521206
}