{
    "accuracy": 0.522064696485623,
    "loss": 1.3210098054081487
}