{
    "accuracy": 0.8958333333333333,
    "loss": 0.4362257548740932
}