{
    "accuracy": 0.8258928571428571,
    "loss": 0.5043323976652963
}