{
    "accuracy": 0.9114583333333334,
    "loss": 0.45050016045570374
}