{
    "accuracy": 0.8025159744408946,
    "loss": 0.5923575476621287
}