{
    "accuracy": 0.880952380952381,
    "loss": 0.4455876648426056
}