{
    "accuracy": 0.8020833333333333,
    "loss": 0.8125594854354858
}