{
    "accuracy": 0.8735119047619048,
    "loss": 0.8286798596382141
}