{
    "accuracy": 0.8854166666666667,
    "loss": 0.9208943247795105
}